id,name,code,user_type_id/id,chart_template_id/id,group_id/id,reconcile
account_common_101,Fons Social,101,account.data_account_type_non_current_liabilities,l10n_ad.account_chart_template_common,l10n_ad.account_group_101,False
account_common_102,Capital Social,102,account.data_account_type_non_current_liabilities,l10n_ad.account_chart_template_common,l10n_ad.account_group_102,False
account_common_108,Accions o participacions pròpies en situacions especials,108,account.data_account_type_non_current_liabilities,l10n_ad.account_chart_template_common,l10n_ad.account_group_108,False
account_common_109,Accions o participacions pròpies per reducció de capital,109,account.data_account_type_non_current_liabilities,l10n_ad.account_chart_template_common,l10n_ad.account_group_109,False
account_common_110,Prima d’emissió,110,account.data_account_type_non_current_liabilities,l10n_ad.account_chart_template_common,l10n_ad.account_group_110,False
account_common_112,Reserva legal,112,account.data_account_type_non_current_liabilities,l10n_ad.account_chart_template_common,l10n_ad.account_group_112,False
account_common_113,Reserves Estatutàries,113,account.data_account_type_non_current_liabilities,l10n_ad.account_chart_template_common,l10n_ad.account_group_113,False
account_common_114,Reserves Voluntàries,114,account.data_account_type_non_current_liabilities,l10n_ad.account_chart_template_common,l10n_ad.account_group_114,False
account_common_118,Aportacions de socis o propietaris,118,account.data_account_type_non_current_liabilities,l10n_ad.account_chart_template_common,l10n_ad.account_group_118,False
account_common_119,Altres reserves,119,account.data_account_type_non_current_liabilities,l10n_ad.account_chart_template_common,l10n_ad.account_group_119,False
account_common_131,Donacions i llegats de capital,131,account.data_account_type_non_current_liabilities,l10n_ad.account_chart_template_common,l10n_ad.account_group_131,False
account_common_141,Provisió per tributs,141,account.data_account_type_non_current_liabilities,l10n_ad.account_chart_template_common,l10n_ad.account_group_141,True
account_common_143,"Provisió per desmantellament, retirament o rehabilitació de l’immobilitzat",143,account.data_account_type_non_current_liabilities,l10n_ad.account_chart_template_common,l10n_ad.account_group_143,True
account_common_145,Provisió per actuacions mediambientals,145,account.data_account_type_non_current_liabilities,l10n_ad.account_chart_template_common,l10n_ad.account_group_145,True
account_common_160,Deutes a llarg termini amb entitats de crèdit vinculades,160,account.data_account_type_non_current_liabilities,l10n_ad.account_chart_template_common,l10n_ad.account_group_160,False
account_common_161,"Proveïdors d’immobilitzat a llarg termini, parts vinculades",161,account.data_account_type_non_current_liabilities,l10n_ad.account_chart_template_common,l10n_ad.account_group_161,False
account_common_162,"Creditors per arrendament financer a llarg termini, parts vinculades",162,account.data_account_type_non_current_liabilities,l10n_ad.account_chart_template_common,l10n_ad.account_group_162,False
account_common_163,Altres deutes a llarg termini amb parts vinculades,163,account.data_account_type_non_current_liabilities,l10n_ad.account_chart_template_common,l10n_ad.account_group_163,False
account_common_170,Deutes a llarg termini amb entitats de crèdit,170,account.data_account_type_non_current_liabilities,l10n_ad.account_chart_template_common,l10n_ad.account_group_170,False
account_common_171,Deutes a llarg termini,171,account.data_account_type_non_current_liabilities,l10n_ad.account_chart_template_common,l10n_ad.account_group_171,False
account_common_173,Proveïdors d’immobilitzat a llarg termini,173,account.data_account_type_non_current_liabilities,l10n_ad.account_chart_template_common,l10n_ad.account_group_173,False
account_common_174,Creditors per arrendament financer a llarg termini,174,account.data_account_type_non_current_liabilities,l10n_ad.account_chart_template_common,l10n_ad.account_group_174,False
account_common_175,Efectes a pagar a llarg termini,175,account.data_account_type_non_current_liabilities,l10n_ad.account_chart_template_common,l10n_ad.account_group_175,False
account_common_177,Obligacions i bons,177,account.data_account_type_non_current_liabilities,l10n_ad.account_chart_template_common,l10n_ad.account_group_177,False
account_common_179,Deutes representats en altres valors negociables,179,account.data_account_type_non_current_liabilities,l10n_ad.account_chart_template_common,l10n_ad.account_group_179,False
account_common_180,Fiances rebudes a llarg termini,180,account.data_account_type_non_current_liabilities,l10n_ad.account_chart_template_common,l10n_ad.account_group_180,False
account_common_181,Bestretes rebudes per vendes o prestacions de serveis a llarg termini,181,account.data_account_type_non_current_liabilities,l10n_ad.account_chart_template_common,l10n_ad.account_group_181,False
account_common_185,Dipòsits rebuts a llarg termini,185,account.data_account_type_non_current_liabilities,l10n_ad.account_chart_template_common,l10n_ad.account_group_185,False
account_common_194,Capital emès pendent d’inscripció al Registre de Societats,194,account.data_account_type_non_current_liabilities,l10n_ad.account_chart_template_common,l10n_ad.account_group_194,False
account_common_200,Despeses d’establiment,200,account.data_account_type_fixed_assets,l10n_ad.account_chart_template_common,l10n_ad.account_group_200,False
account_common_201,Investigació,201,account.data_account_type_fixed_assets,l10n_ad.account_chart_template_common,l10n_ad.account_group_201,False
account_common_202,Desenvolupament,202,account.data_account_type_fixed_assets,l10n_ad.account_chart_template_common,l10n_ad.account_group_202,False
account_common_203,Concessions administratives,203,account.data_account_type_fixed_assets,l10n_ad.account_chart_template_common,l10n_ad.account_group_203,False
account_common_205,Fons de comerç,205,account.data_account_type_fixed_assets,l10n_ad.account_chart_template_common,l10n_ad.account_group_205,False
account_common_206,Drets de traspàs,206,account.data_account_type_fixed_assets,l10n_ad.account_chart_template_common,l10n_ad.account_group_206,False
account_common_207,Aplicacions informàtiques,207,account.data_account_type_fixed_assets,l10n_ad.account_chart_template_common,l10n_ad.account_group_207,False
account_common_208,Altre immobilitzat intangible,208,account.data_account_type_fixed_assets,l10n_ad.account_chart_template_common,l10n_ad.account_group_208,False
account_common_209,Bestretes per immobilitzat intangible,209,account.data_account_type_fixed_assets,l10n_ad.account_chart_template_common,l10n_ad.account_group_209,False
account_common_210,Terrenys i béns naturals,210,account.data_account_type_fixed_assets,l10n_ad.account_chart_template_common,l10n_ad.account_group_210,False
account_common_211,Construccions,211,account.data_account_type_fixed_assets,l10n_ad.account_chart_template_common,l10n_ad.account_group_211,False
account_common_212,Instal·lacions tècniques,212,account.data_account_type_fixed_assets,l10n_ad.account_chart_template_common,l10n_ad.account_group_212,False
account_common_213,Maquinària,213,account.data_account_type_fixed_assets,l10n_ad.account_chart_template_common,l10n_ad.account_group_213,False
account_common_214,Utillatge,214,account.data_account_type_fixed_assets,l10n_ad.account_chart_template_common,l10n_ad.account_group_214,False
account_common_215,Altres instal·lacions,215,account.data_account_type_fixed_assets,l10n_ad.account_chart_template_common,l10n_ad.account_group_215,False
account_common_216,Mobiliari,216,account.data_account_type_fixed_assets,l10n_ad.account_chart_template_common,l10n_ad.account_group_216,False
account_common_217,Equips per a processos d’informació,217,account.data_account_type_fixed_assets,l10n_ad.account_chart_template_common,l10n_ad.account_group_217,False
account_common_218,Elements de transport,218,account.data_account_type_fixed_assets,l10n_ad.account_chart_template_common,l10n_ad.account_group_218,False
account_common_219,Altre immobilitzat tangible,219,account.data_account_type_fixed_assets,l10n_ad.account_chart_template_common,l10n_ad.account_group_219,False
account_common_220,Inversions en terrenys i béns naturals,220,account.data_account_type_fixed_assets,l10n_ad.account_chart_template_common,l10n_ad.account_group_220,False
account_common_221,Inversions en construccions,221,account.data_account_type_fixed_assets,l10n_ad.account_chart_template_common,l10n_ad.account_group_221,False
account_common_230,Adaptació de terrenys i béns naturals,230,account.data_account_type_fixed_assets,l10n_ad.account_chart_template_common,l10n_ad.account_group_230,False
account_common_231,Construccions en curs,231,account.data_account_type_fixed_assets,l10n_ad.account_chart_template_common,l10n_ad.account_group_231,False
account_common_232,Instal·lacions tècniques en muntatge,232,account.data_account_type_fixed_assets,l10n_ad.account_chart_template_common,l10n_ad.account_group_232,False
account_common_233,Maquinària en muntatge,233,account.data_account_type_fixed_assets,l10n_ad.account_chart_template_common,l10n_ad.account_group_233,False
account_common_237,Equips per processos d’informació en muntatge,237,account.data_account_type_fixed_assets,l10n_ad.account_chart_template_common,l10n_ad.account_group_237,False
account_common_238,Altre immobilitzat tangible en curs,238,account.data_account_type_fixed_assets,l10n_ad.account_chart_template_common,l10n_ad.account_group_238,False
account_common_239,Bestretes per immobilitzat tangible,239,account.data_account_type_fixed_assets,l10n_ad.account_chart_template_common,l10n_ad.account_group_239,False
account_common_241,Valors representatius de deute a llarg termini de parts vinculades,241,account.data_account_type_fixed_assets,l10n_ad.account_chart_template_common,l10n_ad.account_group_241,False
account_common_242,Crèdits a llarg termini a parts vinculades,242,account.data_account_type_fixed_assets,l10n_ad.account_chart_template_common,l10n_ad.account_group_242,False
account_common_250,Inversions financeres a llarg termini en instruments de patrimoni,250,account.data_account_type_fixed_assets,l10n_ad.account_chart_template_common,l10n_ad.account_group_250,False
account_common_251,Valors representatius de deute a llarg termini,251,account.data_account_type_fixed_assets,l10n_ad.account_chart_template_common,l10n_ad.account_group_251,False
account_common_252,Crèdits a llarg termini,252,account.data_account_type_fixed_assets,l10n_ad.account_chart_template_common,l10n_ad.account_group_252,False
account_common_253,Crèdits a llarg termini per alienació d’immobilitzat,253,account.data_account_type_fixed_assets,l10n_ad.account_chart_template_common,l10n_ad.account_group_253,False
account_common_254,Crèdits a llarg termini al personal,254,account.data_account_type_fixed_assets,l10n_ad.account_chart_template_common,l10n_ad.account_group_254,False
account_common_258,Imposicions a llarg termini,258,account.data_account_type_fixed_assets,l10n_ad.account_chart_template_common,l10n_ad.account_group_258,False
account_common_260,Fiances constituïdes a llarg termini,260,account.data_account_type_fixed_assets,l10n_ad.account_chart_template_common,l10n_ad.account_group_260,False
account_common_265,Dipòsits constituïts a llarg termini,265,account.data_account_type_fixed_assets,l10n_ad.account_chart_template_common,l10n_ad.account_group_265,False
account_common_280,Amortització acumulada de l’immobilitzat intangible,280,account.data_account_type_fixed_assets,l10n_ad.account_chart_template_common,l10n_ad.account_group_280,False
account_common_281,Amortització acumulada de l’immobilitzat tangible,281,account.data_account_type_fixed_assets,l10n_ad.account_chart_template_common,l10n_ad.account_group_281,False
account_common_282,Amortització acumulada de les inversions immobiliàries,282,account.data_account_type_fixed_assets,l10n_ad.account_chart_template_common,l10n_ad.account_group_282,False
account_common_290,Deteriorament de valor de l’immobilitzat intangible,290,account.data_account_type_fixed_assets,l10n_ad.account_chart_template_common,l10n_ad.account_group_290,False
account_common_291,Deteriorament de valor de l’immobilitzat tangible,291,account.data_account_type_fixed_assets,l10n_ad.account_chart_template_common,l10n_ad.account_group_291,False
account_common_292,Deteriorament de valor de les inversions immobiliàries,292,account.data_account_type_fixed_assets,l10n_ad.account_chart_template_common,l10n_ad.account_group_292,False
account_common_293,Deteriorament de valor de participacions a llarg termini en parts vinculades,293,account.data_account_type_fixed_assets,l10n_ad.account_chart_template_common,l10n_ad.account_group_293,False
account_common_294,Deteriorament de valor de valors representatius de deute a llarg termini de parts vinculades,294,account.data_account_type_fixed_assets,l10n_ad.account_chart_template_common,l10n_ad.account_group_294,False
account_common_295,Deteriorament de valor de crèdits a llarg termini a parts vinculades,295,account.data_account_type_fixed_assets,l10n_ad.account_chart_template_common,l10n_ad.account_group_295,False
account_common_296,Deteriorament de valor de participacions en el patrimoni net a llarg termini,296,account.data_account_type_fixed_assets,l10n_ad.account_chart_template_common,l10n_ad.account_group_296,False
account_common_297,Deteriorament de valor de valors representatius de deute a llarg termini,297,account.data_account_type_fixed_assets,l10n_ad.account_chart_template_common,l10n_ad.account_group_297,False
account_common_298,Deteriorament de valor de crèdits a llarg termini,298,account.data_account_type_fixed_assets,l10n_ad.account_chart_template_common,l10n_ad.account_group_298,False
account_common_300,Mercaderies A,300,account.data_account_type_current_assets,l10n_ad.account_chart_template_common,l10n_ad.account_group_300,False
account_common_301,Mercaderies B,301,account.data_account_type_current_assets,l10n_ad.account_chart_template_common,l10n_ad.account_group_301,False
account_common_310,Matèries primeres A,310,account.data_account_type_current_assets,l10n_ad.account_chart_template_common,l10n_ad.account_group_310,False
account_common_311,Matèries primeres B,311,account.data_account_type_current_assets,l10n_ad.account_chart_template_common,l10n_ad.account_group_311,False
account_common_320,Elements i conjunts incorporables,320,account.data_account_type_current_assets,l10n_ad.account_chart_template_common,l10n_ad.account_group_320,False
account_common_321,Combustibles,321,account.data_account_type_current_assets,l10n_ad.account_chart_template_common,l10n_ad.account_group_321,False
account_common_322,Recanvis,322,account.data_account_type_current_assets,l10n_ad.account_chart_template_common,l10n_ad.account_group_322,False
account_common_325,Materials diversos,325,account.data_account_type_current_assets,l10n_ad.account_chart_template_common,l10n_ad.account_group_325,False
account_common_326,Embalatges,326,account.data_account_type_current_assets,l10n_ad.account_chart_template_common,l10n_ad.account_group_326,False
account_common_327,Envasos,327,account.data_account_type_current_assets,l10n_ad.account_chart_template_common,l10n_ad.account_group_327,False
account_common_328,Material d’oficina,328,account.data_account_type_current_assets,l10n_ad.account_chart_template_common,l10n_ad.account_group_328,False
account_common_330,Productes en curs A,330,account.data_account_type_current_assets,l10n_ad.account_chart_template_common,l10n_ad.account_group_330,False
account_common_331,Productes en curs B,331,account.data_account_type_current_assets,l10n_ad.account_chart_template_common,l10n_ad.account_group_331,False
account_common_340,Productes semiacabats A,340,account.data_account_type_current_assets,l10n_ad.account_chart_template_common,l10n_ad.account_group_340,False
account_common_341,Productes semiacabats B,341,account.data_account_type_current_assets,l10n_ad.account_chart_template_common,l10n_ad.account_group_341,False
account_common_350,Productes acabats A,350,account.data_account_type_current_assets,l10n_ad.account_chart_template_common,l10n_ad.account_group_350,False
account_common_351,Productes acabats B,351,account.data_account_type_current_assets,l10n_ad.account_chart_template_common,l10n_ad.account_group_351,False
account_common_360,Subproductes A,360,account.data_account_type_current_assets,l10n_ad.account_chart_template_common,l10n_ad.account_group_360,False
account_common_361,Subproductes B,361,account.data_account_type_current_assets,l10n_ad.account_chart_template_common,l10n_ad.account_group_361,False
account_common_365,Residus A,365,account.data_account_type_current_assets,l10n_ad.account_chart_template_common,l10n_ad.account_group_365,False
account_common_366,Residus B,366,account.data_account_type_current_assets,l10n_ad.account_chart_template_common,l10n_ad.account_group_366,False
account_common_368,Materials recuperats A,368,account.data_account_type_current_assets,l10n_ad.account_chart_template_common,l10n_ad.account_group_368,False
account_common_369,Materials recuperats B,369,account.data_account_type_current_assets,l10n_ad.account_chart_template_common,l10n_ad.account_group_369,False
account_common_390,Deteriorament de valor de les mercaderies,390,account.data_account_type_current_assets,l10n_ad.account_chart_template_common,l10n_ad.account_group_390,False
account_common_391,Deteriorament de valor de les matèries primeres,391,account.data_account_type_current_assets,l10n_ad.account_chart_template_common,l10n_ad.account_group_391,False
account_common_392,Deteriorament de valor d’altres aprovisionaments,392,account.data_account_type_current_assets,l10n_ad.account_chart_template_common,l10n_ad.account_group_392,False
account_common_393,Deteriorament de valor dels productes en curs,393,account.data_account_type_current_assets,l10n_ad.account_chart_template_common,l10n_ad.account_group_393,False
account_common_394,Deteriorament de valor dels productes semiacabats,394,account.data_account_type_current_assets,l10n_ad.account_chart_template_common,l10n_ad.account_group_394,False
account_common_395,Deteriorament de valors dels productes acabats,395,account.data_account_type_current_assets,l10n_ad.account_chart_template_common,l10n_ad.account_group_395,False
account_common_396,"Deteriorament de valor dels subproductes, residus i materials recuperats",396,account.data_account_type_current_assets,l10n_ad.account_chart_template_common,l10n_ad.account_group_396,False
account_common_400,Proveïdors,400,account.data_account_type_payable,l10n_ad.account_chart_template_common,l10n_ad.account_group_400,True
account_common_401,"Proveïdors, efectes comercials a pagar",401,account.data_account_type_payable,l10n_ad.account_chart_template_common,l10n_ad.account_group_401,True
account_common_403,"Proveïdors, empreses del grup",403,account.data_account_type_payable,l10n_ad.account_chart_template_common,l10n_ad.account_group_403,True
account_common_404,"Proveïdors, empreses associades",404,account.data_account_type_payable,l10n_ad.account_chart_template_common,l10n_ad.account_group_404,True
account_common_405,"Proveïdors, altres parts vinculades",405,account.data_account_type_payable,l10n_ad.account_chart_template_common,l10n_ad.account_group_405,True
account_common_406,Envasos i embalatges a retornar a proveïdors,406,account.data_account_type_payable,l10n_ad.account_chart_template_common,l10n_ad.account_group_406,True
account_common_407,Bestretes a proveïdors,407,account.data_account_type_payable,l10n_ad.account_chart_template_common,l10n_ad.account_group_407,True
account_common_410,Creditors per prestacions de serveis,410,account.data_account_type_payable,l10n_ad.account_chart_template_common,l10n_ad.account_group_410,True
account_common_411,"Creditors, efectes comercials a pagar",411,account.data_account_type_payable,l10n_ad.account_chart_template_common,l10n_ad.account_group_411,True
account_common_430,Clients,430,account.data_account_type_receivable,l10n_ad.account_chart_template_common,l10n_ad.account_group_430,True
account_common_431,"Clients, efectes comercials a cobrar",431,account.data_account_type_receivable,l10n_ad.account_chart_template_common,l10n_ad.account_group_431,True
account_common_432,"Clients, operacions de “factoring”",432,account.data_account_type_receivable,l10n_ad.account_chart_template_common,l10n_ad.account_group_432,True
account_common_433,"Clients, empreses del grup",433,account.data_account_type_receivable,l10n_ad.account_chart_template_common,l10n_ad.account_group_433,True
account_common_434,"Clients, empreses associades",434,account.data_account_type_receivable,l10n_ad.account_chart_template_common,l10n_ad.account_group_434,True
account_common_435,"Clients, altres empreses vinculades",435,account.data_account_type_receivable,l10n_ad.account_chart_template_common,l10n_ad.account_group_435,True
account_common_436,Clients de cobrament dubtós,436,account.data_account_type_receivable,l10n_ad.account_chart_template_common,l10n_ad.account_group_436,True
account_common_437,Envasos i embalatges a retornar per clients,437,account.data_account_type_receivable,l10n_ad.account_chart_template_common,l10n_ad.account_group_437,True
account_common_438,Bestretes de clients,438,account.data_account_type_receivable,l10n_ad.account_chart_template_common,l10n_ad.account_group_438,True
account_common_440,Deutors,440,account.data_account_type_receivable,l10n_ad.account_chart_template_common,l10n_ad.account_group_440,True
account_common_441,"Deutors, efectes comercials a cobrar",441,account.data_account_type_receivable,l10n_ad.account_chart_template_common,l10n_ad.account_group_441,True
account_common_446,Deutors de cobrament dubtós,446,account.data_account_type_receivable,l10n_ad.account_chart_template_common,l10n_ad.account_group_446,True
account_common_460,Bestretes de remuneracions,460,account.data_account_type_receivable,l10n_ad.account_chart_template_common,l10n_ad.account_group_460,True
account_common_465,Remuneracions pendents de pagament,465,account.data_account_type_payable,l10n_ad.account_chart_template_common,l10n_ad.account_group_465,True
account_common_470,"Administracions públiques, deutor",4700,account.data_account_type_current_assets,l10n_ad.account_chart_template_common,l10n_ad.account_group_470,True
account_common_472,"Administracions públiques, import indirecte suportat",472,account.data_account_type_current_assets,l10n_ad.account_chart_template_common,l10n_ad.account_group_472,False
account_common_473,"Administracions públiques, retencions i pagaments a compte per ISI",473,account.data_account_type_current_assets,l10n_ad.account_chart_template_common,l10n_ad.account_group_473,True
account_common_475,"Administracions públiques, creditor",4750,account.data_account_type_current_liabilities,l10n_ad.account_chart_template_common,l10n_ad.account_group_475,True
account_common_476,"Caixa Andorrana de Seguretat Social, creditors",476,account.data_account_type_current_liabilities,l10n_ad.account_chart_template_common,l10n_ad.account_group_476,False
account_common_477,"Administracions públiques, impost indirecte repercutit",477,account.data_account_type_current_liabilities,l10n_ad.account_chart_template_common,l10n_ad.account_group_477,False
account_common_480,Despeses anticipades,480,account.data_account_type_current_assets,l10n_ad.account_chart_template_common,l10n_ad.account_group_480,False
account_common_485,Ingressos anticipats,485,account.data_account_type_current_liabilities,l10n_ad.account_chart_template_common,l10n_ad.account_group_485,False
account_common_493,Deteriorament de valor de crèdits per operacions comercials amb parts vinculades,493,account.data_account_type_current_liabilities,l10n_ad.account_chart_template_common,l10n_ad.account_group_493,True
account_common_499,Provisions per operacions comercials,499,account.data_account_type_current_liabilities,l10n_ad.account_chart_template_common,l10n_ad.account_group_499,True
account_common_500,Obligacions i bons a curt termini,500,account.data_account_type_current_liabilities,l10n_ad.account_chart_template_common,l10n_ad.account_group_500,False
account_common_505,Deutes representats en altres valors negociables a curt termini,505,account.data_account_type_current_liabilities,l10n_ad.account_chart_template_common,l10n_ad.account_group_505,False
account_common_506,Interessos a curt termini d’emprèstits i altres emissions anàlogues,506,account.data_account_type_current_liabilities,l10n_ad.account_chart_template_common,l10n_ad.account_group_506,False
account_common_510,Deutes a curt termini amb entitats de crèdit vinculades,510,account.data_account_type_current_liabilities,l10n_ad.account_chart_template_common,l10n_ad.account_group_510,False
account_common_511,"Proveïdors d’immobilitzat a curt termini, parts vinculades",511,account.data_account_type_current_liabilities,l10n_ad.account_chart_template_common,l10n_ad.account_group_511,False
account_common_512,"Creditors per arrendament financer a curt termini, parts vinculades",512,account.data_account_type_current_liabilities,l10n_ad.account_chart_template_common,l10n_ad.account_group_512,False
account_common_513,Altres deutes a curt termini amb parts vinculades,513,account.data_account_type_current_liabilities,l10n_ad.account_chart_template_common,l10n_ad.account_group_513,False
account_common_514,Interessos a curt termini de deutes amb parts vinculades,514,account.data_account_type_current_liabilities,l10n_ad.account_chart_template_common,l10n_ad.account_group_514,False
account_common_520,Deutes a curt termini amb entitats de crèdit,520,account.data_account_type_current_liabilities,l10n_ad.account_chart_template_common,l10n_ad.account_group_520,True
account_common_523,Proveïdors d’immobilitzat a curt termini,523,account.data_account_type_payable,l10n_ad.account_chart_template_common,l10n_ad.account_group_523,True
account_common_524,Creditors per arrendament financer a curt termini,524,account.data_account_type_current_liabilities,l10n_ad.account_chart_template_common,l10n_ad.account_group_524,False
account_common_526,Dividend actiu a pagar,526,account.data_account_type_payable,l10n_ad.account_chart_template_common,l10n_ad.account_group_526,True
account_common_527,Interessos a curt termini de deutes amb entitats de crèdit,527,account.data_account_type_current_liabilities,l10n_ad.account_chart_template_common,l10n_ad.account_group_527,False
account_common_528,Altres deutes a curt termini,528,account.data_account_type_current_liabilities,l10n_ad.account_chart_template_common,l10n_ad.account_group_528,False
account_common_529,Provisions a curt termini,529,account.data_account_type_current_liabilities,l10n_ad.account_chart_template_common,l10n_ad.account_group_529,True
account_common_530,Participacions a curt termini en parts vinculades,530,account.data_account_type_current_assets,l10n_ad.account_chart_template_common,l10n_ad.account_group_530,False
account_common_531,Crèdits i valors representatius de deute a curt termini de parts vinculades,531,account.data_account_type_current_assets,l10n_ad.account_chart_template_common,l10n_ad.account_group_531,False
account_common_533,Interessos a curt termini de crèdits i valors representatius de deute de parts vinculades,533,account.data_account_type_current_assets,l10n_ad.account_chart_template_common,l10n_ad.account_group_533,False
account_common_535,Dividend a cobrar d’inversions financeres en parts vinculades,535,account.data_account_type_current_assets,l10n_ad.account_chart_template_common,l10n_ad.account_group_535,False
account_common_540,Inversions financeres a curt termini en instruments de patrimoni,540,account.data_account_type_current_assets,l10n_ad.account_chart_template_common,l10n_ad.account_group_540,False
account_common_541,Crèdits i valors representatius de deute a curt termini,541,account.data_account_type_current_assets,l10n_ad.account_chart_template_common,l10n_ad.account_group_541,False
account_common_543,Crèdits a curt termini per alienació d’immobilitzat,543,account.data_account_type_current_assets,l10n_ad.account_chart_template_common,l10n_ad.account_group_543,False
account_common_544,Crèdits a curt termini al personal,544,account.data_account_type_current_assets,l10n_ad.account_chart_template_common,l10n_ad.account_group_544,False
account_common_545,Dividend a cobrar,545,account.data_account_type_current_assets,l10n_ad.account_chart_template_common,l10n_ad.account_group_545,False
account_common_546,Interessos a curt termini de crèdits i valors representatius de deutes,546,account.data_account_type_current_assets,l10n_ad.account_chart_template_common,l10n_ad.account_group_546,False
account_common_548,Imposicions a curt termini,548,account.data_account_type_current_assets,l10n_ad.account_chart_template_common,l10n_ad.account_group_548,False
account_common_550,Titular de l’explotació,550,account.data_account_type_current_assets,l10n_ad.account_chart_template_common,l10n_ad.account_group_550,False
account_common_552,Compte corrent amb altres persones i entitats vinculades,552,account.data_account_type_current_assets,l10n_ad.account_chart_template_common,l10n_ad.account_group_552,False
account_common_554,Compte corrent amb unions temporals d’empreses i comunitats de béns,554,account.data_account_type_current_assets,l10n_ad.account_chart_template_common,l10n_ad.account_group_554,False
account_common_555,Partides pendents d’aplicació,555,account.data_account_type_current_liabilities,l10n_ad.account_chart_template_common,l10n_ad.account_group_555,False
account_common_556,Desemborsaments exigits sobre participacions en el patrimoni net,556,account.data_account_type_current_liabilities,l10n_ad.account_chart_template_common,l10n_ad.account_group_556,False
account_common_557,Dividend actiu a compte,557,account.data_account_type_current_assets,l10n_ad.account_chart_template_common,l10n_ad.account_group_557,False
account_common_560,Fiances rebudes a curt termini,560,account.data_account_type_current_liabilities,l10n_ad.account_chart_template_common,l10n_ad.account_group_560,False
account_common_561,Dipòsits rebuts a curt termini,561,account.data_account_type_current_liabilities,l10n_ad.account_chart_template_common,l10n_ad.account_group_561,False
account_common_565,Fiances constituïdes a curt termini,565,account.data_account_type_current_assets,l10n_ad.account_chart_template_common,l10n_ad.account_group_565,False
account_common_566,Dipòsits constituïts a curt termini,566,account.data_account_type_current_assets,l10n_ad.account_chart_template_common,l10n_ad.account_group_566,False
account_common_567,Interessos pagats per anticipat,567,account.data_account_type_current_assets,l10n_ad.account_chart_template_common,l10n_ad.account_group_567,False
account_common_568,Interessos cobrats per anticipat,568,account.data_account_type_current_liabilities,l10n_ad.account_chart_template_common,l10n_ad.account_group_568,False
account_common_570,"Caixa, euros",570,account.data_account_type_liquidity,l10n_ad.account_chart_template_common,l10n_ad.account_group_570,False
account_common_571,"Caixa, moneda estrangera",571,account.data_account_type_liquidity,l10n_ad.account_chart_template_common,l10n_ad.account_group_571,False
pgc_572_child,"Bancs i institucions de crèdit c/c vista, euros",572,account.data_account_type_liquidity,l10n_ad.account_chart_template_common,l10n_ad.account_group_572,False
account_common_573,"Bancs i institucions de crèdit c/c vista, moneda estrangera",573,account.data_account_type_liquidity,l10n_ad.account_chart_template_common,l10n_ad.account_group_573,False
account_common_574,"Bancs i institucions de crèdit, comptes d’estalvi, euros",574,account.data_account_type_liquidity,l10n_ad.account_chart_template_common,l10n_ad.account_group_574,False
account_common_575,"Bancs i institucions de crèdit, comptes d’estalvi, moneda estrangera",575,account.data_account_type_liquidity,l10n_ad.account_chart_template_common,l10n_ad.account_group_575,False
account_common_576,Inversions a curt termini de gran liquiditat,576,account.data_account_type_current_assets,l10n_ad.account_chart_template_common,l10n_ad.account_group_576,False
account_common_593,Deteriorament de valor de participacions a curt termini en parts vinculades,593,account.data_account_type_current_assets,l10n_ad.account_chart_template_common,l10n_ad.account_group_593,False
account_common_594,Deteriorament de valor de valors representatius de deute a curt termini de parts vinculades,594,account.data_account_type_current_assets,l10n_ad.account_chart_template_common,l10n_ad.account_group_594,False
account_common_595,Deteriorament de valor de crèdits a curt termini en parts vinculades,595,account.data_account_type_current_assets,l10n_ad.account_chart_template_common,l10n_ad.account_group_595,False
account_common_597,Deteriorament de valor de valors representatius de deute a curt termini,597,account.data_account_type_current_assets,l10n_ad.account_chart_template_common,l10n_ad.account_group_597,False
account_common_598,Deteriorament de valor de crèdits a curt termini,598,account.data_account_type_current_assets,l10n_ad.account_chart_template_common,l10n_ad.account_group_598,False
account_common_600,Compres de mercaderies,600,account.data_account_type_expenses,l10n_ad.account_chart_template_common,l10n_ad.account_group_600,False
account_common_601,Compres de matèries primeres,601,account.data_account_type_expenses,l10n_ad.account_chart_template_common,l10n_ad.account_group_601,False
account_common_602,Compres d’altres aprovisionaments,602,account.data_account_type_expenses,l10n_ad.account_chart_template_common,l10n_ad.account_group_602,False
account_common_606,Descomptes sobre compres per pagament immediat,606,account.data_account_type_expenses,l10n_ad.account_chart_template_common,l10n_ad.account_group_606,False
account_common_607,Treballs realitzats per altres empreses,607,account.data_account_type_expenses,l10n_ad.account_chart_template_common,l10n_ad.account_group_607,False
account_common_608,Devolucions de compres i operacions similars,608,account.data_account_type_expenses,l10n_ad.account_chart_template_common,l10n_ad.account_group_608,False
account_common_609,Ràpels per compres,609,account.data_account_type_expenses,l10n_ad.account_chart_template_common,l10n_ad.account_group_609,False
account_common_610,Variació d’existències de mercaderies,610,account.data_account_type_expenses,l10n_ad.account_chart_template_common,l10n_ad.account_group_610,False
account_common_611,Variació d’existències de matèries primeres,611,account.data_account_type_expenses,l10n_ad.account_chart_template_common,l10n_ad.account_group_611,False
account_common_612,Variació d’existències d’altres aprovisionaments,612,account.data_account_type_expenses,l10n_ad.account_chart_template_common,l10n_ad.account_group_612,False
account_common_620,Despeses en investigació i desenvolupament de l’exercici,620,account.data_account_type_expenses,l10n_ad.account_chart_template_common,l10n_ad.account_group_620,False
account_common_621,Arrendaments i cànons,621,account.data_account_type_expenses,l10n_ad.account_chart_template_common,l10n_ad.account_group_621,False
account_common_622,Reparacions i conservació,622,account.data_account_type_expenses,l10n_ad.account_chart_template_common,l10n_ad.account_group_622,False
account_common_623,Serveis de professionals independents,623,account.data_account_type_expenses,l10n_ad.account_chart_template_common,l10n_ad.account_group_623,False
account_common_624,Transports,624,account.data_account_type_expenses,l10n_ad.account_chart_template_common,l10n_ad.account_group_624,False
account_common_625,Primes d’assegurances,625,account.data_account_type_expenses,l10n_ad.account_chart_template_common,l10n_ad.account_group_625,False
account_common_626,Serveis bancaris i similars,626,account.data_account_type_expenses,l10n_ad.account_chart_template_common,l10n_ad.account_group_626,False
account_common_627,"Publicitat, propaganda i relacions públiques",627,account.data_account_type_expenses,l10n_ad.account_chart_template_common,l10n_ad.account_group_627,False
account_common_628,Subministraments,628,account.data_account_type_expenses,l10n_ad.account_chart_template_common,l10n_ad.account_group_628,False
account_common_629,Altres serveis,629,account.data_account_type_expenses,l10n_ad.account_chart_template_common,l10n_ad.account_group_629,False
account_common_631,Altres tributs,631,account.data_account_type_expenses,l10n_ad.account_chart_template_common,l10n_ad.account_group_631,False
account_common_640,Sous i salaris,640,account.data_account_type_expenses,l10n_ad.account_chart_template_common,l10n_ad.account_group_640,False
account_common_641,Indemnitzacions,641,account.data_account_type_expenses,l10n_ad.account_chart_template_common,l10n_ad.account_group_641,False
account_common_642,Caixa Andorrana de Seguretat Social a càrrec de l’empresari,642,account.data_account_type_expenses,l10n_ad.account_chart_template_common,l10n_ad.account_group_642,False
account_common_649,Altres despeses socials,649,account.data_account_type_expenses,l10n_ad.account_chart_template_common,l10n_ad.account_group_649,False
account_common_660,Despeses financeres per actualització de provisions,660,account.data_account_type_expenses,l10n_ad.account_chart_template_common,l10n_ad.account_group_660,False
account_common_661,Interessos d’obligacions i bons,661,account.data_account_type_expenses,l10n_ad.account_chart_template_common,l10n_ad.account_group_661,False
account_common_662,Interessos de deutes,662,account.data_account_type_expenses,l10n_ad.account_chart_template_common,l10n_ad.account_group_662,False
account_common_664,Despeses per dividends d’accions o participacions considerades passius financers,664,account.data_account_type_expenses,l10n_ad.account_chart_template_common,l10n_ad.account_group_664,False
account_common_665,Interessos per descompte d’efectes i operacions de “factoring”,665,account.data_account_type_expenses,l10n_ad.account_chart_template_common,l10n_ad.account_group_665,False
account_common_666,Pèrdues en participacions i valors representatius de deute,666,account.data_account_type_expenses,l10n_ad.account_chart_template_common,l10n_ad.account_group_666,False
account_common_667,Pèrdues de crèdits no comercials,667,account.data_account_type_expenses,l10n_ad.account_chart_template_common,l10n_ad.account_group_667,False
account_common_668,Diferències negatives de canvi,668,account.data_account_type_expenses,l10n_ad.account_chart_template_common,l10n_ad.account_group_668,False
account_common_669,Altres despeses financeres,669,account.data_account_type_expenses,l10n_ad.account_chart_template_common,l10n_ad.account_group_669,False
account_common_670,Pèrdues procedents de l’immobilitzat intangible,670,account.data_account_type_expenses,l10n_ad.account_chart_template_common,l10n_ad.account_group_670,False
account_common_672,Pèrdues procedents de les inversions immobiliàries,672,account.data_account_type_expenses,l10n_ad.account_chart_template_common,l10n_ad.account_group_672,False
account_common_673,Pèrdues procedents de participacions a llarg termini en parts vinculades,673,account.data_account_type_expenses,l10n_ad.account_chart_template_common,l10n_ad.account_group_673,False
account_common_675,Pèrdues per operacions amb obligacions pròpies,675,account.data_account_type_expenses,l10n_ad.account_chart_template_common,l10n_ad.account_group_675,False
account_common_678,Despeses excepcionals,678,account.data_account_type_expenses,l10n_ad.account_chart_template_common,l10n_ad.account_group_678,False
account_common_680,Amortització de l’immobilitzat intangible,680,account.data_account_type_expenses,l10n_ad.account_chart_template_common,l10n_ad.account_group_680,False
account_common_681,Amortització de l’immobilitzat tangible,681,account.data_account_type_expenses,l10n_ad.account_chart_template_common,l10n_ad.account_group_681,False
account_common_682,Amortització de les inversions immobiliàries,682,account.data_account_type_expenses,l10n_ad.account_chart_template_common,l10n_ad.account_group_682,False
account_common_690,Pèrdues per deteriorament de l’immobilitzat intangible,690,account.data_account_type_expenses,l10n_ad.account_chart_template_common,l10n_ad.account_group_690,False
account_common_692,Pèrdues per deteriorament de les inversions immobiliàries,692,account.data_account_type_expenses,l10n_ad.account_chart_template_common,l10n_ad.account_group_692,False
account_common_693,Pèrdues per deteriorament d’existències,693,account.data_account_type_expenses,l10n_ad.account_chart_template_common,l10n_ad.account_group_693,False
account_common_695,Dotació a la provisió per operacions comercials,695,account.data_account_type_expenses,l10n_ad.account_chart_template_common,l10n_ad.account_group_695,False
account_common_696,Pèrdues per deteriorament de participacions i valors representatius de deute a llarg termini,696,account.data_account_type_expenses,l10n_ad.account_chart_template_common,l10n_ad.account_group_696,False
account_common_697,Pèrdues per deteriorament de crèdits a llarg termini,697,account.data_account_type_expenses,l10n_ad.account_chart_template_common,l10n_ad.account_group_697,False
account_common_698,Pèrdues per deteriorament de participacions i valors representatius de deute a curt termini,698,account.data_account_type_expenses,l10n_ad.account_chart_template_common,l10n_ad.account_group_698,False
account_common_699,Pèrdues per deteriorament de crèdits a curt termini,699,account.data_account_type_expenses,l10n_ad.account_chart_template_common,l10n_ad.account_group_699,False
account_common_700,Vendes de mercaderies,700,account.data_account_type_revenue,l10n_ad.account_chart_template_common,l10n_ad.account_group_700,False
account_common_701,Vendes de productes acabats,701,account.data_account_type_revenue,l10n_ad.account_chart_template_common,l10n_ad.account_group_701,False
account_common_702,Vendes de productes semiacabats,702,account.data_account_type_revenue,l10n_ad.account_chart_template_common,l10n_ad.account_group_702,False
account_common_703,Vendes de subproductes i residus,703,account.data_account_type_revenue,l10n_ad.account_chart_template_common,l10n_ad.account_group_703,False
account_common_704,Vendes d’envasos i embalatges,704,account.data_account_type_revenue,l10n_ad.account_chart_template_common,l10n_ad.account_group_704,False
account_common_705,Prestació de serveis,705,account.data_account_type_revenue,l10n_ad.account_chart_template_common,l10n_ad.account_group_705,False
account_common_706,Descompte sobre vendes per pagament immediat,706,account.data_account_type_revenue,l10n_ad.account_chart_template_common,l10n_ad.account_group_706,False
account_common_708,Devolucions de vendes i operacions similars,708,account.data_account_type_revenue,l10n_ad.account_chart_template_common,l10n_ad.account_group_708,False
account_common_709,Ràpels sobre vendes,709,account.data_account_type_revenue,l10n_ad.account_chart_template_common,l10n_ad.account_group_709,False
account_common_710,Variació d’existències de productes en curs,710,account.data_account_type_revenue,l10n_ad.account_chart_template_common,l10n_ad.account_group_710,False
account_common_711,Variació d’existències de productes semiacabats,711,account.data_account_type_revenue,l10n_ad.account_chart_template_common,l10n_ad.account_group_711,False
account_common_712,Variació d’existències de productes acabats,712,account.data_account_type_revenue,l10n_ad.account_chart_template_common,l10n_ad.account_group_712,False
account_common_713,"Variació d’existències de subproductes, residus i materials recuperats",713,account.data_account_type_revenue,l10n_ad.account_chart_template_common,l10n_ad.account_group_713,False
account_common_730,Treballs realitzats per a l’immobilitzat intangible,730,account.data_account_type_revenue,l10n_ad.account_chart_template_common,l10n_ad.account_group_730,False
account_common_731,Treballs realitzats per a l’immobilitzat tangible,731,account.data_account_type_revenue,l10n_ad.account_chart_template_common,l10n_ad.account_group_731,False
account_common_732,Treballs realitzats en inversions immobiliàries,732,account.data_account_type_revenue,l10n_ad.account_chart_template_common,l10n_ad.account_group_732,False
account_common_733,Treballs realitzats per a l’immobilitzat tangible en curs,733,account.data_account_type_revenue,l10n_ad.account_chart_template_common,l10n_ad.account_group_733,False
account_common_740,"Subvencions, donacions i llegats a l’explotació",740,account.data_account_type_revenue,l10n_ad.account_chart_template_common,l10n_ad.account_group_740,False
account_common_746,"Subvencions, donacions i llegats de capital transferits al resultat de l’exercici",746,account.data_account_type_revenue,l10n_ad.account_chart_template_common,l10n_ad.account_group_746,False
account_common_747,"Altres subvencions, donacions i llegats transferits al resultat de l’exercici",747,account.data_account_type_revenue,l10n_ad.account_chart_template_common,l10n_ad.account_group_747,False
account_common_752,Ingressos per arrendaments,752,account.data_account_type_revenue,l10n_ad.account_chart_template_common,l10n_ad.account_group_752,False
account_common_753,Ingressos de propietat industrial cedida en explotació,753,account.data_account_type_revenue,l10n_ad.account_chart_template_common,l10n_ad.account_group_753,False
account_common_754,Ingressos per comissions,754,account.data_account_type_revenue,l10n_ad.account_chart_template_common,l10n_ad.account_group_754,False
account_common_755,Ingressos per serveis al personal,755,account.data_account_type_revenue,l10n_ad.account_chart_template_common,l10n_ad.account_group_755,False
account_common_759,Ingressos per serveis diversos,759,account.data_account_type_revenue,l10n_ad.account_chart_template_common,l10n_ad.account_group_759,False
account_common_760,Ingressos de participacions en instruments de patrimoni,760,account.data_account_type_revenue,l10n_ad.account_chart_template_common,l10n_ad.account_group_760,False
account_common_761,Interessos de valors representatius de deute,761,account.data_account_type_revenue,l10n_ad.account_chart_template_common,l10n_ad.account_group_761,False
account_common_762,Interessos de crèdits,762,account.data_account_type_revenue,l10n_ad.account_chart_template_common,l10n_ad.account_group_762,False
account_common_766,Beneficis en participacions i valors representatius de deute,766,account.data_account_type_revenue,l10n_ad.account_chart_template_common,l10n_ad.account_group_766,False
account_common_768,Diferències positives de canvi,768,account.data_account_type_other_income,l10n_ad.account_chart_template_common,l10n_ad.account_group_768,False
account_common_769,Altres ingressos financers,769,account.data_account_type_revenue,l10n_ad.account_chart_template_common,l10n_ad.account_group_769,False
account_common_770,Beneficis procedents de l’immobilitzat intangible,770,account.data_account_type_revenue,l10n_ad.account_chart_template_common,l10n_ad.account_group_770,False
account_common_771,Beneficis procedents de l’immobilitzat tangible,771,account.data_account_type_revenue,l10n_ad.account_chart_template_common,l10n_ad.account_group_771,False
account_common_772,Beneficis procedents de les inversions immobiliàries,772,account.data_account_type_revenue,l10n_ad.account_chart_template_common,l10n_ad.account_group_772,False
account_common_773,Beneficis procedents de participacions a llarg termini en parts vinculades,773,account.data_account_type_revenue,l10n_ad.account_chart_template_common,l10n_ad.account_group_773,False
account_common_775,Beneficis per operacions amb obligacions pròpies,775,account.data_account_type_revenue,l10n_ad.account_chart_template_common,l10n_ad.account_group_775,False
account_common_778,Ingressos excepcionals,778,account.data_account_type_revenue,l10n_ad.account_chart_template_common,l10n_ad.account_group_778,False
account_common_790,Reversió del deteriorament de l’immobilitzat intangible,790,account.data_account_type_revenue,l10n_ad.account_chart_template_common,l10n_ad.account_group_790,False
account_common_792,Reversió del deteriorament de les inversions immobiliàries,792,account.data_account_type_revenue,l10n_ad.account_chart_template_common,l10n_ad.account_group_792,False
account_common_793,Reversió del deteriorament d’existències,793,account.data_account_type_revenue,l10n_ad.account_chart_template_common,l10n_ad.account_group_793,False
account_common_796,Reversió del deteriorament de participacions i valors representatius de deute a llarg termini,796,account.data_account_type_revenue,l10n_ad.account_chart_template_common,l10n_ad.account_group_796,False
account_common_797,Reversió del deteriorament de crèdits a llarg termini,797,account.data_account_type_revenue,l10n_ad.account_chart_template_common,l10n_ad.account_group_797,False
account_common_798,Reversió del deteriorament de participacions i valors representatius de deute a curt termini,798,account.data_account_type_revenue,l10n_ad.account_chart_template_common,l10n_ad.account_group_798,False
account_common_799,Reversió del deteriorament de crèdits a curt termini,799,account.data_account_type_revenue,l10n_ad.account_chart_template_common,l10n_ad.account_group_799,False
